,Name,PV,PV/pass,Passes,Position,Team,games,rPV/pass,Rating
0,Heung-Min Son,0.578949794085961,0.007328478406151405,79.0,Wing,South Korea,3,0.67,6.570396430390547
1,Takashi Usami,0.2933891055393865,0.006985454893794917,42.0,Midfield,Japan,2,0.65,4.718176483392305
2,Artur Jędrzejczyk,0.3691996216732554,0.006966030597608592,53.0,Back,Poland,1,0.65,4.51765257549128
3,Tomoaki Makino,0.5856613026827856,0.006731739111296387,87.0,Back,Japan,1,0.65,4.51765257549128
4,Viktor Claesson,0.9854251184674762,0.006749487112790932,146.0,Wing,Sweden,5,0.65,3.745399352136643
5,Ola Toivonen,0.6880289246592487,0.00674538161430636,102.0,Forward,Sweden,5,0.65,3.745399352136643
6,Hotaru Yamaguchi,0.6596074823058047,0.006662701841472774,99.0,Midfield,Japan,3,0.64,3.003960113993714
7,Sebastian Larsson,1.0793396686431806,0.006463111788282519,167.0,Midfield,Sweden,4,0.64,3.003960113993714
8,Yuto Nagatomo,1.227477138988801,0.006426581879522519,191.0,Back,Japan,4,0.64,2.8702379145038597
9,Hee-Chan Hwang,0.23631025492367244,0.006950301615402131,34.0,Wing,South Korea,3,0.64,2.3329008130096907
10,Rafał Kurzawa,0.23242384041609876,0.006835995306355846,34.0,Wing,Poland,1,0.64,2.3329008130096907
11,Marcus Berg,0.5639751412584711,0.006557850479749664,86.0,Forward,Sweden,5,0.64,2.3329008130096907
12,Shin-Wook Kim,0.10299190112243038,0.007922453932494645,13.0,Forward,South Korea,1,0.64,2.3329008130096907
13,Gabriel Enrique Gómez Girón,0.7331657522129519,0.006266373950538051,117.0,Midfield,Panama,3,0.63,1.2897437445951232
14,Mathew Leckie,0.5211773550570559,0.0062792452416512755,83.0,Midfield,Australia,3,0.63,1.2897437445951232
15,Eric Dier,1.228899234835345,0.00633453213832652,194.0,Midfield,England,5,0.63,1.2897437445951232
16,João Filipe Iria Santos Moutinho,0.5422558202536905,0.006305300235508029,86.0,Midfield,Portugal,3,0.63,1.2897437445951232
17,Nemanja Matić,0.8548621765895321,0.0062857512984524425,136.0,Midfield,Serbia,3,0.63,1.2897437445951232
18,Nacer Chadli,1.2055158589143256,0.006278728431845446,192.0,Midfield,Belgium,6,0.63,1.2897437445951232
19,Tom Rogić,0.40151837226647147,0.006273724566663617,64.0,Midfield,Australia,3,0.63,1.2897437445951232
20,Emil Forsberg,0.6705074808173113,0.00644718731555107,104.0,Midfield,Sweden,5,0.63,1.2897437445951232
21,Taisir Jabir Al Jassim,0.43127341152168913,0.006342256051789546,68.0,Midfield,Saudi Arabia,2,0.63,1.2897437445951232
22,Nahitan Michel Nández Acosta,0.8334441631644149,0.006266497467401616,133.0,Midfield,Uruguay,5,0.63,1.2897437445951232
23,Ja-Cheol Koo,0.1515349587342809,0.006313956613928372,24.0,Midfield,South Korea,2,0.63,1.2897437445951232
24,Alex Iwobi,0.15178066701988988,0.006324194459162078,24.0,Midfield,Nigeria,3,0.63,1.2897437445951232
25,Lasse Schöne,0.7648319186644928,0.006269114087413876,122.0,Midfield,Denmark,3,0.63,1.2897437445951232
26,Cristian Gabriel Rodríguez Barrotti,0.5149520151956842,0.006279902624337612,82.0,Midfield,Uruguay,5,0.63,1.2897437445951232
27,Aaron Mooy,1.2963912979700192,0.006293161640631161,206.0,Midfield,Australia,3,0.63,1.2897437445951232
28,Thomas Delaney,1.161538443339919,0.006278586180215778,185.0,Midfield,Denmark,4,0.63,1.2897437445951232
29,Corentin Tolisso,0.8529772795083245,0.006318350218580181,135.0,Midfield,France,5,0.63,1.2897437445951232
30,Ghilane Chalali,0.49827057711173245,0.0063072224950852206,79.0,Midfield,Panama,1,0.63,1.2897437445951232
31,Takashi Inui,0.8050415317111322,0.006338909698512852,127.0,Midfield,Japan,4,0.63,1.2897437445951232
32,Vahid Amiri,0.4458916589419819,0.006280164210450449,71.0,Midfield,Spain,3,0.63,1.2897437445951232
33,Luis Fernando Muriel Fruto,0.18909150292077084,0.006303050097359028,30.0,Midfield,England,2,0.63,1.2897437445951232
34,Carlos Alberto Sánchez Moreno,0.4795696016632495,0.006310126337674336,76.0,Midfield,Colombia,3,0.63,1.2897437445951232
35,Carlos Andrés Sánchez Arcosa,0.47439994631342725,0.006325332617512364,75.0,Midfield,Portugal,3,0.63,1.2897437445951232
36,Luka Milivojević,0.464774020694237,0.0062807300093815814,74.0,Midfield,Serbia,2,0.63,1.2897437445951232
37,Mile Jedinak,1.0858077265449544,0.006276345240144245,173.0,Midfield,Australia,3,0.63,1.2897437445951232
38,Bruno Miguel Borges Fernandes,0.21395614343205974,0.006292827748001757,34.0,Midfield,Portugal,2,0.63,1.2897437445951232
39,Sergej Milinković-Savić,0.7169096552321842,0.006288681186247229,114.0,Midfield,Serbia,3,0.63,1.2897437445951232
40,Jacek Góralski,0.4203898905131293,0.0062744759778079005,67.0,Midfield,Poland,2,0.63,1.2897437445951232
41,Nabil Fekir,0.2529002660004012,0.0063225066500100305,40.0,Midfield,France,6,0.63,1.2897437445951232
42,Rodrigo Bentancur Colmán,1.4359156523482899,0.006325619613869118,227.0,Midfield,Uruguay,5,0.63,1.2897437445951232
43,Jordan Brian Henderson,1.9025946126167443,0.006299982160982597,302.0,Midfield,England,5,0.63,1.2897437445951232
44,Fabian Delph,0.9598586817866895,0.006314859748596642,152.0,Midfield,England,4,0.63,1.2897437445951232
45,Mohamed Amine Ben Amor,0.03285317214050221,0.006570634428100441,5.0,Midfield,Tunisia,1,0.63,1.2897437445951232
46,Viktor Fischer,0.053936350266741824,0.006742043783342728,8.0,Midfield,Denmark,1,0.63,1.2897437445951232
47,Renato Soares de Oliveira Augusto,0.30624603467477,0.006380125722391042,48.0,Midfield,Brazil,3,0.63,1.2897437445951232
48,Jorge Resurrección Merodio,1.690329794894889,0.006260480721832922,270.0,Midfield,Spain,3,0.63,1.2897437445951232
49,Youri Tielemans,0.7186964850049756,0.006304355131622593,114.0,Midfield,Belgium,4,0.63,1.2897437445951232
50,Matías Vecino Falero,1.6697704526048895,0.00627733252858981,266.0,Midfield,Uruguay,5,0.63,1.2897437445951232
51,Bamidele Alli,1.0024577122467104,0.006344669064852598,158.0,Midfield,England,5,0.63,1.2897437445951232
52,Omid Ebrahimi,0.45145900941074646,0.006270264019593701,72.0,Midfield,Iran,3,0.63,1.2897437445951232
53,Kieran Trippier,2.4914226507564416,0.006339497839074915,393.0,Midfield,England,6,0.63,1.2897437445951232
54,William Silva de Carvalho,1.5727514505699904,0.006265942034143388,251.0,Midfield,Portugal,4,0.63,1.2897437445951232
55,Adrien Sebastian Perruchet Silva,1.0034215769348693,0.0062713848558429335,160.0,Midfield,Portugal,3,0.63,1.2897437445951232
56,Antoine Griezmann,1.5611986474820876,0.006295155836621321,248.0,Midfield,France,7,0.63,1.2897437445951232
57,Martin Olsson,0.08271778723352238,0.006362906710270953,13.0,Midfield,Sweden,2,0.63,1.2897437445951232
58,Gaku Shibasaki,1.551362414455843,0.00633209148757487,245.0,Midfield,Japan,4,0.63,1.2897437445951232
59,Ashley Young,1.5431005068944368,0.006324182405305068,244.0,Midfield,England,5,0.63,1.2897437445951232
60,Jae-Sung Lee,0.7300510953981498,0.006403956977176753,114.0,Midfield,South Korea,3,0.63,1.2897437445951232
61,Trent Alexander-Arnold,0.4142657404893099,0.006276753643777423,66.0,Midfield,England,1,0.63,1.2897437445951232
62,Saeid Ezatolahi Afagh,0.2772547173883121,0.006301243577007093,44.0,Midfield,Spain,2,0.63,1.2897437445951232
63,Gotoku Sakai,0.10959865740532303,0.006446979847371943,17.0,Midfield,Japan,1,0.63,1.2897437445951232
64,Shinji Okazaki,0.1182118475307408,0.006567324862818933,18.0,Midfield,Japan,3,0.63,1.2897437445951232
65,Albin Ekdal,1.0625610061274031,0.006324767893615494,168.0,Midfield,Sweden,5,0.63,1.2897437445951232
66,Moussa Sidi Yaya Dembélé,0.6934828905569426,0.006304389914154023,110.0,Midfield,Belgium,4,0.63,1.2897437445951232
67,Jesse Lingard,1.4440330905955077,0.0063334784675241566,228.0,Midfield,England,6,0.63,1.2897437445951232
68,Ruben Loftus-Cheek,0.8113400202394057,0.006289457521235703,129.0,Midfield,Belgium,4,0.63,1.2897437445951232
69,Ramin Rezaeian,0.6326581677050728,0.006263942254505671,101.0,Back,Iran,3,0.63,1.2228232535164383
70,Danny Rose,0.6675554801394051,0.006297693208862313,106.0,Back,England,5,0.63,1.2228232535164383
71,Mathias Jattah-Njie Jørgensen,0.6305174318504125,0.006305174318504125,100.0,Back,Denmark,3,0.63,1.2228232535164383
72,Branislav Ivanović,0.6390283493303387,0.006264983816964105,102.0,Back,Serbia,2,0.63,1.2228232535164383
73,Abdullahi Shehu,0.20362094076283443,0.006363154398838576,32.0,Back,Nigeria,1,0.63,1.2228232535164383
74,Niklas Süle,0.5403798668759263,0.006283486824138678,86.0,Back,Germany,1,0.63,1.2228232535164383
75,Ali Albulayhi,0.26949267943492455,0.006416492367498204,42.0,Back,Saudi Arabia,1,0.63,1.2228232535164383
76,Francisco Javier Calvo Quesada,0.3473663520717512,0.006315751855850022,55.0,Back,Costa Rica,2,0.63,1.2228232535164383
77,Danilo Luiz da Silva,0.3613938667995806,0.006340243277185624,57.0,Back,Brazil,1,0.63,1.2228232535164383
78,Emil Krafth,0.36166407302813286,0.006344983737335664,57.0,Back,Sweden,2,0.63,1.2228232535164383
79,Antonio Rukavina,0.28457093610168815,0.006323798580037515,45.0,Back,Serbia,2,0.63,1.2228232535164383
80,Oscar Fabián Murillo Murillo,0.28417849252217775,0.00631507761160395,45.0,Back,Colombia,1,0.63,1.2228232535164383
81,Milos Veljkovic,0.278190951768843,0.006322521631110068,44.0,Back,Serbia,1,0.63,1.2228232535164383
82,Min-Woo Kim,0.40875148365526537,0.006386741932113521,64.0,Back,South Korea,2,0.63,1.2228232535164383
83,Johan Danon Djourou-Gbadjere,0.41484874963887874,0.006285587115740587,66.0,Back,Switzerland,1,0.63,1.2228232535164383
84,Oussama Haddadi,0.2649990102378373,0.00630950024375803,42.0,Back,Panama,1,0.63,1.2228232535164383
85,Rami Bedoui,0.523597240654431,0.006308400489812422,83.0,Back,Tunisia,1,0.63,1.2228232535164383
86,Leander Dendoncker,0.4393861071146009,0.006276944387351441,70.0,Back,Belgium,1,0.63,1.2228232535164383
87,Seyed Majid Hosseini,0.25177097057861353,0.006294274264465338,40.0,Back,Iran,3,0.63,1.2228232535164383
88,Luis Carlos Ovalle Victoria,0.22715779414113788,0.006309938726142719,36.0,Back,Tunisia,1,0.63,1.2228232535164383
89,Benjamin Mendy,0.22269758829342498,0.006362788236954999,35.0,Back,France,1,0.63,1.2228232535164383
90,Bartosz Bereszyński,0.49096050716429784,0.006294365476465357,78.0,Back,Poland,3,0.63,1.2228232535164383
91,Kamil Glik,0.495570301866065,0.006353465408539294,78.0,Back,Poland,2,0.63,1.2228232535164383
92,Adolfo Abdiel Machado,0.20191587721645046,0.006309871163014077,32.0,Back,Panama,1,0.63,1.2228232535164383
93,Thomas Vermaelen,0.5037160544152237,0.006296450680190297,80.0,Back,Belgium,3,0.63,1.2228232535164383
94,Jonas Hector,0.6708389062970989,0.006269522488757933,107.0,Back,Germany,2,0.63,1.2228232535164383
95,Jonas Knudsen,0.32940417344204254,0.006334695643116202,52.0,Back,Denmark,1,0.63,1.2228232535164383
96,Lucas Hernández Pi,1.7271985305762712,0.006257965690493736,276.0,Back,France,7,0.63,1.2228232535164383
97,Maya Yoshida,1.8189431598877799,0.006272217792716482,290.0,Back,Japan,4,0.63,1.2228232535164383
98,Mark Milligan,1.5661641569030353,0.006289815891176849,249.0,Back,Australia,3,0.63,1.2228232535164383
99,Kléper Laveran Lima Ferreira,1.0467182134744593,0.0062677737333799955,167.0,Back,Portugal,4,0.63,1.2228232535164383
100,José Martín Cáceres Silva,1.6103858743877117,0.0062660928964502404,257.0,Back,Uruguay,5,0.63,1.2228232535164383
101,Cédric Ricardo Alves Soares,1.0183330182413728,0.0063250498027414455,161.0,Back,Portugal,3,0.63,1.2228232535164383
102,Victor Nilsson Lindelöf,0.6856064314474779,0.006289967260986036,109.0,Back,Sweden,4,0.63,1.2228232535164383
103,Josh Risdon,0.9677856573592976,0.006284322450385049,154.0,Back,Australia,3,0.63,1.2228232535164383
104,José Miguel da Rocha Fonte,1.113859518716405,0.00629299163116613,177.0,Back,Portugal,4,0.63,1.2228232535164383
105,Phil Jones,0.9168658284187611,0.006323212609784559,145.0,Back,England,2,0.63,1.2228232535164383
106,Aleksandar Kolarov,0.8659724324223059,0.006275162553784825,138.0,Back,Serbia,3,0.63,1.2228232535164383
107,Mikael Lustig,0.8530147133440403,0.006365781442865972,134.0,Back,Sweden,4,0.63,1.2228232535164383
108,Dylan Bronn,0.33291888978424733,0.006281488486495233,53.0,Back,Tunisia,2,0.63,1.2228232535164383
109,Medhi Amine El Mouttaqi Benatia,0.7963896092335876,0.006270784324673918,127.0,Back,Iran,2,0.63,1.2228232535164383
110,Andreas Granqvist,1.084856521252547,0.006344190182763432,171.0,Back,Sweden,5,0.63,1.2228232535164383
111,Aziz Eraltay Behich,1.1334367408150183,0.006296870782305657,180.0,Back,Australia,3,0.63,1.2228232535164383
112,John Stones,3.0225248354594147,0.006310072725384999,479.0,Back,England,7,0.63,1.2228232535164383
113,Diego Roberto Godín Leal,1.4026631638041265,0.0062618891241255645,224.0,Back,Uruguay,5,0.63,1.2228232535164383
114,Nikola Milenković,0.7359440442717878,0.0062901200365110075,117.0,Back,Serbia,3,0.63,1.2228232535164383
115,Guillermo Varela Olivera,0.7236195656495622,0.006347540049557563,114.0,Back,Uruguay,2,0.63,1.2228232535164383
116,Ludwig Augustinsson,1.1478987870071071,0.00634198224865805,181.0,Back,Sweden,5,0.63,1.2228232535164383
117,Trent Sainsbury,1.2015260978479816,0.006290712554177914,191.0,Back,Australia,3,0.63,1.2228232535164383
118,Kyle Walker,2.42231210120662,0.006291719743393819,385.0,Back,England,5,0.63,1.2228232535164383
119,Harry Maguire,2.740450907768803,0.006314403013292173,434.0,Back,England,7,0.63,1.2228232535164383
120,José María Giménez de Vargas,1.0748953967692312,0.006322914098642537,170.0,Back,Uruguay,4,0.63,1.2228232535164383
121,Martin Braithwaite Christensen,0.34015782900639957,0.006299219055674066,54.0,Wing,Denmark,4,0.63,0.9204022738827388
122,Thomas Lemar,0.34499910541455164,0.006388872322491697,54.0,Wing,France,1,0.63,0.9204022738827388
123,Harry Kane,0.936790148778507,0.006329663167422344,148.0,Forward,England,6,0.63,0.9204022738827388
124,Alireza Jahanbakhsh,0.308025391385777,0.006286232477260755,49.0,Wing,Spain,3,0.63,0.9204022738827388
125,Mehdi Taremi,0.2775107801722397,0.00630706318573272,44.0,Wing,Iran,3,0.63,0.9204022738827388
126,Sardar Azmoun,0.3644619777231124,0.006283827202122627,58.0,Forward,Iran,3,0.63,0.9204022738827388
127,Andreas Evald Cornelius,0.22132818682860414,0.006323662480817261,35.0,Forward,Denmark,3,0.63,0.9204022738827388
128,André Miguel Valente Silva,0.19641577966317675,0.00633599289236054,31.0,Forward,Portugal,3,0.63,0.9204022738827388
129,Seung-Woo Lee,0.1746232801894534,0.006467528895905681,27.0,Wing,South Korea,2,0.63,0.9204022738827388
130,José Heriberto Izquierdo Mena,0.15786570575113443,0.006314628230045377,25.0,Wing,Colombia,1,0.63,0.9204022738827388
131,Mohammed Kanoo,0.06416536664480255,0.006416536664480254,10.0,Wing,Uruguay,1,0.63,0.9204022738827388
132,Sławomir Peszko,0.076164451274479,0.006924041024952637,11.0,Wing,Poland,1,0.63,0.9204022738827388
133,Thorgan Hazard,0.3578922558008523,0.006278811505278111,57.0,Wing,Belgium,2,0.63,0.9204022738827388
134,Yūya Ōsako,0.48735733024654543,0.006329315977227862,77.0,Forward,Japan,4,0.63,0.9204022738827388
135,Aleksandar Mitrović,0.39553989824352526,0.00627841108323056,63.0,Forward,Serbia,3,0.63,0.9204022738827388
136,Ousmane Dembélé,0.4556445003211282,0.006328395837793447,72.0,Wing,France,4,0.63,0.9204022738827388
137,Kylian Mbappé Lottin,1.087716043597957,0.006287375974554664,173.0,Wing,France,7,0.63,0.9204022738827388
138,Christian Dannemann Eriksen,1.157442924673888,0.006290450677575478,184.0,Striker,Denmark,4,0.63,0.9204022738827388
139,Xherdan Shaqiri,1.2326270279148936,0.006256989989415704,197.0,Wing,Switzerland,4,0.63,0.9204022738827388
140,Luis Alberto Suárez Díaz,0.8721148663668242,0.006274207671703771,139.0,Forward,Uruguay,5,0.63,0.9204022738827388
141,Willian Borges da Silva,1.236016953085388,0.006274197731397908,197.0,Wing,Brazil,5,0.63,0.9204022738827388
142,Raheem Shaquille Sterling,0.8508868865966505,0.006302865826641855,135.0,Forward,England,6,0.63,0.9204022738827388
143,Cristiano Ronaldo dos Santos Aveiro,0.7078383292616158,0.0062640560111647415,113.0,Forward,Portugal,4,0.63,0.9204022738827388
144,Neymar da Silva Santos Junior,1.7705267163456246,0.006256278149631182,283.0,Wing,Brazil,5,0.63,0.9204022738827388
145,Artem Dzyuba,0.6649369578080232,0.006272990168000219,106.0,Forward,Russia,5,0.63,0.9204022738827388
146,Gabriel Fernando de Jesus,0.5966119118972483,0.006280125388392087,95.0,Forward,Brazil,5,0.63,0.9204022738827388
147,Marcus Rashford,0.5628469532796812,0.006324123070558216,89.0,Forward,England,6,0.63,0.9204022738827388
148,Pione Sisto Ifolo Emirmija,0.548355573793299,0.0063029376298080345,87.0,Wing,Denmark,4,0.63,0.9204022738827388
149,Dušan Tadić,0.5465787573940557,0.006282514452805238,87.0,Wing,Serbia,3,0.63,0.9204022738827388
150,Edinson Roberto Cavani Gómez,0.5219688827718852,0.006288781720143195,83.0,Forward,Uruguay,4,0.63,0.9204022738827388
151,Yussuf Yurary Poulsen,0.4961833370664131,0.006280801735017888,79.0,Wing,Croatia,3,0.63,0.9204022738827388
152,Adem Ljajić,0.4853220386235484,0.006302883618487642,77.0,Wing,Serbia,3,0.63,0.9204022738827388
153,Kamil Grosicki,0.46157885245664154,0.006501110597980867,71.0,Wing,Poland,3,0.63,0.9204022738827388
154,Steven Zuber,0.5825727318411459,0.006332312302621151,92.0,Wing,Switzerland,3,0.63,0.9204022738827388
155,Yoshinori Muto,0.10854268837296648,0.006783918023310405,16.0,Forward,Japan,1,0.63,0.9204022738827388
156,Haris Seferović,0.1294530037206863,0.006472650186034315,20.0,Striker,Serbia,3,0.63,0.9204022738827388
157,Mohamed Naser Elsayed Elneny,0.688379928751044,0.006201620979739136,111.0,Midfield,Egypt,3,0.62,-0.42447262480346787
158,David Josué Jiménez Silva,1.3084892725831578,0.006143142124803558,213.0,Midfield,Spain,4,0.62,-0.42447262480346787
159,Jonathan dos Santos Ramírez,0.1419771338383553,0.006172918862537187,23.0,Midfield,Mexico,1,0.62,-0.42447262480346787
160,Arkadiusz Milik,0.14169100242404326,0.006160478366262751,23.0,Midfield,Poland,1,0.62,-0.42447262480346787
161,Roman Zobnin,1.2701292972180298,0.006226124005970735,204.0,Midfield,Egypt,5,0.62,-0.42447262480346787
162,Éver Maximiliano David Banega,1.2897128458060991,0.0061123831554791425,211.0,Midfield,Argentina,3,0.62,-0.42447262480346787
163,Papa Alioune N'Diaye,0.13687159671054555,0.006221436214115707,22.0,Midfield,Senegal,1,0.62,-0.42447262480346787
164,Makoto Hasebe,1.308219925437699,0.006229618692560471,210.0,Midfield,Japan,4,0.62,-0.42447262480346787
165,Fayçal Fajr,0.135099517257515,0.006140887148068864,22.0,Midfield,Morocco,2,0.62,-0.42447262480346787
166,Jesús Manuel Corona Ruíz,0.14722510379426706,0.006134379324761127,24.0,Midfield,Mexico,2,0.62,-0.42447262480346787
167,Héctor Miguel Herrera López,1.3221050136632833,0.006149325644945504,215.0,Midfield,Mexico,4,0.62,-0.42447262480346787
168,Valon Behrami,1.435556901563087,0.006214532041398645,231.0,Midfield,Switzerland,4,0.62,-0.42447262480346787
169,Alan Dzagoev,0.13004405667818217,0.006192574127532484,21.0,Midfield,Russia,2,0.62,-0.42447262480346787
170,William Vitved Kvist Jørgensen,0.12484726188614456,0.006242363094307228,20.0,Midfield,Peru,1,0.62,-0.42447262480346787
171,Christopher Paolo César Hurtado Huertas,0.1188383171211285,0.006254648269533079,19.0,Midfield,Peru,1,0.62,-0.42447262480346787
172,Aleksey Miranchuk,0.11876018548958645,0.006250536078399286,19.0,Midfield,Russia,1,0.62,-0.42447262480346787
173,Daniel Arzani,0.1442205855753734,0.006270460242407539,23.0,Midfield,Australia,3,0.62,-0.42447262480346787
174,Sam Morsy,0.1512925796117135,0.006303857483821396,24.0,Midfield,Egypt,1,0.62,-0.42447262480346787
175,Jackson Irvine,0.09433845960814254,0.006289230640542836,15.0,Midfield,Australia,3,0.62,-0.42447262480346787
176,Rúrik Gíslason,0.20882425457966625,0.006141889840578419,34.0,Midfield,Iceland,2,0.62,-0.42447262480346787
177,Onyinye Wilfred Ndidi,1.0593111936592072,0.006194802302100627,171.0,Midfield,Iceland,3,0.62,-0.42447262480346787
178,Breel-Donald Embolo,0.25594424128105725,0.00609391050669184,42.0,Midfield,Switzerland,3,0.62,-0.42447262480346787
179,Mesut Özil,1.0763737917342482,0.0062218138250534575,173.0,Midfield,Germany,2,0.62,-0.42447262480346787
180,Roberto Firmino Barbosa de Oliveira,0.2544709374020379,0.0062066082293179975,41.0,Midfield,Brazil,4,0.62,-0.42447262480346787
181,Se-Jong Ju,0.2531036590268205,0.006173259976263916,41.0,Midfield,South Korea,2,0.62,-0.42447262480346787
182,Mohamed Salah,0.2521838467514405,0.006150825530522939,41.0,Midfield,Egypt,2,0.62,-0.42447262480346787
183,Jefferson Agustín Farfán Guadalupe,0.2048872857926838,0.0062087056300813275,33.0,Midfield,Peru,2,0.62,-0.42447262480346787
184,Tyronne Ebuehi,0.15349251730044286,0.0061397006920177145,25.0,Midfield,Nigeria,1,0.62,-0.42447262480346787
185,Seon-Min Moon,0.2043396910021547,0.006192111848550143,33.0,Midfield,South Korea,2,0.62,-0.42447262480346787
186,Grzegorz Krychowiak,1.1052804233282685,0.006140446796268158,180.0,Midfield,Poland,3,0.62,-0.42447262480346787
187,Gustav Svensson,0.16767706768819718,0.006210261766229525,27.0,Midfield,Sweden,3,0.62,-0.42447262480346787
188,Juan Fernando Quintero Paniagua,1.1537781431303875,0.006169936594280147,187.0,Midfield,Colombia,4,0.62,-0.42447262480346787
189,Denis Lemi Zakaria Lako Lado,0.15752427619849832,0.006058626007634551,26.0,Midfield,Switzerland,2,0.62,-0.42447262480346787
190,Julian Brandt,0.15609809806502595,0.006243923922601038,25.0,Midfield,Germany,3,0.62,-0.42447262480346787
191,Sebastian Rudy,0.10627780095720209,0.006251635350423652,17.0,Midfield,Germany,1,0.62,-0.42447262480346787
192,Masoud Shojaei Soleimani,0.09336256271307702,0.0062241708475384684,15.0,Midfield,Iran,1,0.62,-0.42447262480346787
193,Rafael Márquez Álvarez,0.2597410149141329,0.006184309878907925,42.0,Midfield,Mexico,3,0.62,-0.42447262480346787
194,Yeltsin Ignacio Tejeda Valverde,0.030456310379677914,0.0060912620759355825,5.0,Midfield,Costa Rica,1,0.62,-0.42447262480346787
195,Toni Kroos,2.0144137563109865,0.006236575096938039,323.0,Midfield,Germany,3,0.62,-0.42447262480346787
196,Abdiel Arroyo Molinar,0.03735670559214215,0.006226117598690358,6.0,Midfield,Panama,2,0.62,-0.42447262480346787
197,Philippe Coutinho Correia,2.0288201676574453,0.00624252359279214,325.0,Midfield,Brazil,5,0.62,-0.42447262480346787
198,Granit Xhaka,2.1402656333109507,0.006185738824598123,346.0,Midfield,Switzerland,4,0.62,-0.42447262480346787
199,Saman Ghoddos,0.03151364371177373,0.006302728742354746,5.0,Midfield,Iran,3,0.62,-0.42447262480346787
200,N'Golo Kanté,2.2036938383902567,0.006242758748980897,353.0,Midfield,France,7,0.62,-0.42447262480346787
201,Ivan Rakitić,2.6305683785098983,0.006175043142042015,426.0,Midfield,Croatia,7,0.62,-0.42447262480346787
202,Marco Jhonfai Fabián De La Mora,0.09173046771936673,0.006115364514624449,15.0,Midfield,Mexico,1,0.62,-0.42447262480346787
203,Francisco Román Alarcón Suárez,2.9225105486694236,0.00615265378667247,475.0,Midfield,Spain,4,0.62,-0.42447262480346787
204,Jimmy Durmaz,0.025040436778809252,0.006260109194702313,4.0,Midfield,Sweden,1,0.62,-0.42447262480346787
205,Luka Modrić,3.24923408704099,0.006165529576927875,527.0,Midfield,Croatia,7,0.62,-0.42447262480346787
206,Wilder José Cartagena Mendoza,0.0250112611794444,0.0062528152948611,4.0,Midfield,Peru,1,0.62,-0.42447262480346787
207,Yo-Han Ko,0.018850157705399936,0.006283385901799978,3.0,Midfield,South Korea,1,0.62,-0.42447262480346787
208,Giovani dos Santos Ramírez,0.01843963853702246,0.006146546179007486,3.0,Midfield,Mexico,1,0.62,-0.42447262480346787
209,Axel Witsel,2.0034848000480188,0.006164568615532365,325.0,Midfield,Belgium,6,0.62,-0.42447262480346787
210,Sergio Busquets i Burgos,1.9201181751729175,0.006154224920426017,312.0,Midfield,Spain,4,0.62,-0.42447262480346787
211,Ari Freyr Skúlason,0.04307281108322878,0.00615325872617554,7.0,Midfield,Iceland,2,0.62,-0.42447262480346787
212,Ahmed Khalil,0.044148101721960646,0.006306871674565806,7.0,Midfield,Tunisia,1,0.62,-0.42447262480346787
213,Łukasz Teodorczyk,0.04997222134950088,0.00624652766868761,8.0,Midfield,Poland,2,0.62,-0.42447262480346787
214,Paul Pogba,1.892808818273852,0.006205930551717548,305.0,Midfield,Peru,6,0.62,-0.42447262480346787
215,Oscar Hiljemark,0.05357934138628275,0.005953260154031417,9.0,Midfield,Sweden,2,0.62,-0.42447262480346787
216,Gelson Dany Batalha Martins,0.05750529395532118,0.006389477106146798,9.0,Midfield,Portugal,1,0.62,-0.42447262480346787
217,Manuel Henrique Tavares Fernandes,0.0608002259032847,0.00608002259032847,10.0,Midfield,Portugal,1,0.62,-0.42447262480346787
218,Paulo Bruno Exequiel Dybala,0.06485804907140029,0.005896186279218208,11.0,Midfield,Argentina,1,0.62,-0.42447262480346787
219,Filip Bradarić,0.06805702790703688,0.006187002537003353,11.0,Midfield,Croatia,1,0.62,-0.42447262480346787
220,Salman Mohammed Al Faraj,1.656244051936387,0.006226481398257094,266.0,Midfield,Saudi Arabia,3,0.62,-0.42447262480346787
221,Carlos Henrique Casimiro,1.604977434012566,0.006220842767490566,258.0,Midfield,Brazil,4,0.62,-0.42447262480346787
222,Michael Krohn-Dehli,0.06977897245908324,0.006343542950825749,11.0,Midfield,Denmark,1,0.62,-0.42447262480346787
223,Abdullah Ibrahim Otayf,1.5998344288557198,0.006225036688154551,257.0,Midfield,Egypt,3,0.62,-0.42447262480346787
224,Abel Enrique Aguilar Tapia,0.0766398064827162,0.005895369729439708,13.0,Midfield,Colombia,1,0.62,-0.42447262480346787
225,Andrija Živković,0.0821930631134241,0.006322543316417239,13.0,Midfield,Serbia,1,0.62,-0.42447262480346787
226,Keisuke Honda,0.2565136725835626,0.006256431038623478,41.0,Midfield,Japan,3,0.62,-0.42447262480346787
227,Lucas Vázquez Iglesias,0.2618367805851162,0.006234209061550386,42.0,Midfield,Spain,2,0.62,-0.42447262480346787
228,Gylfi Þór Sigurðsson,0.6713897709292552,0.006159539182837204,109.0,Midfield,Iceland,3,0.62,-0.42447262480346787
229,Yury Gazinskiy,0.785996365770052,0.006238066395000413,126.0,Midfield,Russia,4,0.62,-0.42447262480346787
230,Ángel Fabián Di María Hernández,0.5387478379202205,0.006122134521820688,88.0,Midfield,Argentina,3,0.62,-0.42447262480346787
231,David Alberto Guzmán Pérez,0.7570418520970499,0.006154811805667073,123.0,Midfield,Costa Rica,3,0.62,-0.42447262480346787
232,Genki Haraguchi,0.5351296525143486,0.006222437819934286,86.0,Midfield,Japan,3,0.62,-0.42447262480346787
233,Celso Borges Mora,0.771474571454383,0.006171796571635064,125.0,Midfield,Costa Rica,3,0.62,-0.42447262480346787
234,Wílmar Enrique Barrios Terán,0.775236607136928,0.006152671485213714,126.0,Midfield,England,3,0.62,-0.42447262480346787
235,Mateo Kovačić,0.7815233244487843,0.006202566067053843,126.0,Midfield,Croatia,5,0.62,-0.42447262480346787
236,Marco Reus,0.7861481535565872,0.006239271059972914,126.0,Midfield,Germany,3,0.62,-0.42447262480346787
237,Aleksandr Golovin,0.8418249162115178,0.006235740120085317,135.0,Midfield,Russia,4,0.62,-0.42447262480346787
238,Anice Badri,0.49743267533958124,0.00614114413999483,81.0,Midfield,Tunisia,3,0.62,-0.42447262480346787
239,Armando Enrique Cooper Whitaker,0.46039777971624707,0.006221591617787123,74.0,Midfield,Panama,2,0.62,-0.42447262480346787
240,Mbark Boussoufa,0.8142392824767464,0.006215567041807224,131.0,Midfield,Morocco,3,0.62,-0.42447262480346787
241,Bernardo Mota Veiga de Carvalho e Silva,0.8148904011206747,0.006173412129702081,132.0,Midfield,Portugal,4,0.62,-0.42447262480346787
242,Ante Rebić,0.8204271793883534,0.006215357419608738,132.0,Midfield,Croatia,6,0.62,-0.42447262480346787
243,Milan Badelj,0.452387421551885,0.006197087966464178,73.0,Midfield,Iceland,2,0.62,-0.42447262480346787
244,Andrés Mateus Uribe Villa,0.5404442874155596,0.006141412356994996,88.0,Midfield,England,3,0.62,-0.42447262480346787
245,Carlos Alberto Vela Garrido,0.7507604636900045,0.006153774292541021,122.0,Midfield,Mexico,4,0.62,-0.42447262480346787
246,Aron Einar Gunnarsson,0.5484696928114955,0.006162580818106691,89.0,Midfield,Iceland,3,0.62,-0.42447262480346787
247,Victor Moses,0.7449284021713319,0.0062077366847610995,120.0,Midfield,Nigeria,3,0.62,-0.42447262480346787
248,Jefferson Andrés Lerma Solís,0.5634241971820415,0.006260268857578239,90.0,Midfield,Colombia,4,0.62,-0.42447262480346787
249,Blerim Džemaili,0.5722978619366424,0.00622062893409394,92.0,Midfield,Switzerland,4,0.62,-0.42447262480346787
250,Fakhreddine Ben Youssef,0.5887517828496748,0.006197387187891313,95.0,Midfield,Tunisia,3,0.62,-0.42447262480346787
251,Brian Oladapo Idowu,0.5897631372550909,0.006208033023737799,95.0,Midfield,Iceland,3,0.62,-0.42447262480346787
252,Sami Khedira,0.6213626509843361,0.006213626509843361,100.0,Midfield,Germany,2,0.62,-0.42447262480346787
253,Steven N'Kemboanza Mike Christopher Nzonzi,0.6342628082976085,0.006218262826447142,102.0,Midfield,France,4,0.62,-0.42447262480346787
254,Pedro Jesús Aquino Sánchez,0.6424902247997335,0.00617779062307436,104.0,Midfield,Peru,3,0.62,-0.42447262480346787
255,Édison Michael Flores Peralta,0.644291535361304,0.006195110916935615,104.0,Midfield,Australia,3,0.62,-0.42447262480346787
256,André Martín Carrillo Díaz,0.6587529500581388,0.006214650472246593,106.0,Midfield,Peru,3,0.62,-0.42447262480346787
257,Hussain Al Mogahwi,0.6605005163241126,0.006172902021720678,107.0,Midfield,Saudi Arabia,2,0.62,-0.42447262480346787
258,Karim El Ahmadi Al Aroos,0.705755263863333,0.006245621804100292,113.0,Midfield,Morocco,3,0.62,-0.42447262480346787
259,Younès Belhanda,0.704380719253107,0.006233457692505371,113.0,Midfield,Morocco,3,0.62,-0.42447262480346787
260,Aníbal Cesis Godoy,0.6627037315302284,0.006251921995568193,106.0,Midfield,Panama,3,0.62,-0.42447262480346787
261,José Andrés Guardado Hernández,0.838894303502618,0.006168340466931014,136.0,Midfield,Mexico,4,0.62,-0.42447262480346787
262,Cristian David Pavón,0.4365871195782116,0.006063709994141828,72.0,Midfield,Argentina,4,0.62,-0.42447262480346787
263,Edson Omar Álvarez Velázquez,1.04063833368435,0.006157623276238758,169.0,Midfield,Mexico,4,0.62,-0.42447262480346787
264,Piotr Zieliński,1.0037118464677577,0.006195752138689862,162.0,Midfield,Poland,3,0.62,-0.42447262480346787
265,Lucas Torreira Di Pascua,0.9528862317347596,0.006228014586501697,153.0,Midfield,Uruguay,5,0.62,-0.42447262480346787
266,John Michael Nchekwube Obinna,0.959675743272109,0.006191456408207155,155.0,Midfield,Nigeria,3,0.62,-0.42447262480346787
267,Lucas Rodrigo Biglia,0.3017719509019043,0.006158611242896006,49.0,Midfield,Argentina,1,0.62,-0.42447262480346787
268,José Paulo Bezzera Maciel Júnior,0.9727667794179783,0.006235684483448579,156.0,Midfield,Brazil,5,0.62,-0.42447262480346787
269,Renato Fabrizio Tapia Cortijo,0.29360048664320393,0.00624681886474902,47.0,Midfield,Peru,2,0.62,-0.42447262480346787
270,Alfred John Momar N'Diaye,0.2906620922115225,0.006184299834287713,47.0,Midfield,Senegal,2,0.62,-0.42447262480346787
271,Giorgian Daniel De Arrascaeta Benedetti,0.2876763951950308,0.0062538346781528436,46.0,Midfield,Uruguay,2,0.62,-0.42447262480346787
272,Hattan Babhir,0.4301466135567952,0.006234008892127467,69.0,Midfield,Saudi Arabia,3,0.62,-0.42447262480346787
273,Ellyes Skhiri,1.021691885665546,0.006154770395575578,166.0,Midfield,Tunisia,3,0.62,-0.42447262480346787
274,Ricardo Guardia Avila,0.2682375836897194,0.0062380833416213815,43.0,Midfield,Panama,2,0.62,-0.42447262480346787
275,Cheikhou Kouyaté,0.2625292024142622,0.006250695295577671,42.0,Midfield,Poland,3,0.62,-0.42447262480346787
276,Salem Mohammed Al Dawsari,1.0233328047005472,0.006239834175003337,164.0,Midfield,Saudi Arabia,3,0.62,-0.42447262480346787
277,João Mário Naval da Costa Eduardo,1.0322359030925636,0.006255975170257962,165.0,Midfield,Portugal,4,0.62,-0.42447262480346787
278,Andreas Christensen,1.0375328867878726,0.006250198113179955,166.0,Midfield,Denmark,4,0.62,-0.42447262480346787
279,İlkay Gündoğan,0.3188258787175761,0.006251487817991688,51.0,Midfield,Germany,1,0.62,-0.42447262480346787
280,Robbie Kruse,0.35129983249124586,0.006273211294486533,56.0,Midfield,Australia,3,0.62,-0.42447262480346787
281,Oghenekaro Etebo,0.9477366905721208,0.006235109806395532,152.0,Midfield,Iceland,3,0.62,-0.42447262480346787
282,Ferjani Sassi,0.9361287626768815,0.006118488644946938,153.0,Midfield,Tunisia,3,0.62,-0.42447262480346787
283,Woo-Young Jung,0.3648732400670289,0.006081220667783815,60.0,Midfield,South Korea,3,0.62,-0.42447262480346787
284,Idrissa Gana Gueye,0.9078124152447369,0.006217893255100937,146.0,Midfield,Senegal,3,0.62,-0.42447262480346787
285,Yehya Sulaiman Al Shehri,0.3717919121089983,0.006196531868483305,60.0,Midfield,Saudi Arabia,2,0.62,-0.42447262480346787
286,Víctor Yoshimar Yotún Flores,0.8972123561207207,0.006230641361949449,144.0,Midfield,Peru,3,0.62,-0.42447262480346787
287,Shinji Kagawa,0.8803901076933703,0.006199930335868805,142.0,Midfield,Japan,3,0.62,-0.42447262480346787
288,Emil Hallfreðsson,0.37668003679762335,0.006175082570452842,61.0,Midfield,Iceland,2,0.62,-0.42447262480346787
289,Naïm Sliti,0.3911493882093578,0.006208720447767584,63.0,Midfield,Tunisia,3,0.62,-0.42447262480346787
290,Birkir Bjarnason,0.39457146892214984,0.006165179201908591,64.0,Midfield,Iceland,3,0.62,-0.42447262480346787
291,Ricardo Andrade Quaresma Bernardo,0.4132523108286965,0.006261398648919644,66.0,Midfield,Portugal,3,0.62,-0.42447262480346787
292,Tarek Hamed,0.8795108414535298,0.00619373832009528,142.0,Midfield,Egypt,3,0.62,-0.42447262480346787
293,Marouane Fellaini-Bakkioui,0.86173314327168,0.006155236737654858,140.0,Midfield,Belgium,5,0.62,-0.42447262480346787
294,Marco Asensio Willemsen,0.4169699172740359,0.006223431601105013,67.0,Midfield,Spain,3,0.62,-0.42447262480346787
295,Christian Alberto Cueva Bravo,0.857738439316978,0.006215495937079551,138.0,Midfield,Australia,3,0.62,-0.42447262480346787
296,Rándall Azofeifa Corrales,0.01202042770889742,0.00601021385444871,2.0,Midfield,Costa Rica,1,0.62,-0.42447262480346787
297,Sergio Ramos García,3.056097726849211,0.00616148735251857,496.0,Back,Spain,4,0.62,-0.42459140747098295
298,Motaz Ali Hassan Hawsawi,0.18769880350735227,0.006054800113140395,31.0,Back,Saudi Arabia,1,0.62,-0.42459140747098295
299,Federico Julián Fazio,0.16402179489426078,0.006074881292380029,27.0,Back,Argentina,1,0.62,-0.42459140747098295
300,Hugo Ayala Castro,0.428878651409406,0.006215632629121826,69.0,Back,Mexico,2,0.62,-0.42459140747098295
301,Maciej Rybus,0.429188155464295,0.006044903598088662,71.0,Back,Poland,2,0.62,-0.42459140747098295
302,Kenneth Josiah Omeruo,0.44732667054073055,0.006127762610146994,73.0,Back,Iceland,2,0.62,-0.42459140747098295
303,Anderson Santamaría Bardales,0.45880250579889653,0.00620003386214725,74.0,Back,Peru,2,0.62,-0.42459140747098295
304,Presnel Kimpembe,0.47477954648501886,0.006247099295855511,76.0,Back,France,1,0.62,-0.42459140747098295
305,Ehsan Hajsafi,0.47549543846709663,0.00625651892719864,76.0,Back,Iran,3,0.62,-0.42459140747098295
306,Birkir Már Sævarsson,0.48036418354057353,0.006158515173597097,78.0,Back,Iceland,3,0.62,-0.42459140747098295
307,Johnny Acosta Zamora,0.49284207008507974,0.006160525876063497,80.0,Back,Costa Rica,3,0.62,-0.42459140747098295
308,Thiago Rangel Cionek,0.49899874744294065,0.006160478363493095,81.0,Back,Senegal,1,0.62,-0.42459140747098295
309,Manuel Marouan da Costa Trinidade,0.5066408452965134,0.00617854689385992,82.0,Back,Morocco,3,0.62,-0.42459140747098295
310,Ali Gabr,0.5079865228409657,0.006194957595621533,82.0,Back,Egypt,3,0.62,-0.42459140747098295
311,Óscar Esau Duarte Gaitán,0.5199779682592661,0.006264794798304411,83.0,Back,Brazil,2,0.62,-0.42459140747098295
312,Fidel Escobar Mendieta,0.5362470270550597,0.006235430547151857,86.0,Back,Panama,3,0.62,-0.42459140747098295
313,Antonio Rüdiger,0.5377941840375394,0.006253420744622551,86.0,Back,Germany,1,0.62,-0.42459140747098295
314,Michael Amir Murillo Bermudez,0.5437798731461161,0.006250343369495587,87.0,Back,Panama,2,0.62,-0.42459140747098295
315,Duško Tošić,0.5442261231067131,0.006255472679387508,87.0,Back,Serbia,2,0.62,-0.42459140747098295
316,Young-Gwon Kim,0.5548199883718915,0.006233932453616758,89.0,Back,South Korea,3,0.62,-0.42459140747098295
317,Giancarlo González Castro,0.555962067342771,0.006177356303808566,90.0,Back,Costa Rica,3,0.62,-0.42459140747098295
318,Moussa Wagué,0.5580116518573678,0.006200129465081864,90.0,Back,Senegal,3,0.62,-0.42459140747098295
319,Nordin Amrabat,0.5590929105078732,0.00621214345008748,90.0,Back,Morocco,3,0.62,-0.42459140747098295
320,Romain Saïss,0.5679142474958857,0.006106604811783717,93.0,Back,Morocco,2,0.62,-0.42459140747098295
321,Nabil Dirar,0.5702076010383835,0.006197908706938951,92.0,Back,Morocco,2,0.62,-0.42459140747098295
322,Hörður Björgvin Magnússon,0.5913825609404604,0.006160235009796462,96.0,Back,Iceland,3,0.62,-0.42459140747098295
323,Djibril Sidibé,0.601200010959368,0.00607272738342796,99.0,Back,France,1,0.62,-0.42459140747098295
324,Cristian Gamboa Luna,0.6062917634380515,0.006186650647327056,98.0,Back,Costa Rica,3,0.62,-0.42459140747098295
325,Eduardo Antonio Salvio,0.6404158777756559,0.006099198835958628,105.0,Back,Argentina,2,0.62,-0.42459140747098295
326,Jens Stryger Larsen,0.6501156722095915,0.006251112232784534,104.0,Back,Denmark,3,0.62,-0.42459140747098295
327,Mats Hummels,0.6548509399484357,0.00623667561855653,105.0,Back,Germany,2,0.62,-0.42459140747098295
328,Yuri Zhirkov,0.6637912819571078,0.0062621819052557336,106.0,Back,Egypt,3,0.62,-0.42459140747098295
329,Román Aureliano Torres Morcillo,0.41758304868215324,0.006232582816151541,67.0,Back,Panama,3,0.62,-0.42459140747098295
330,Vedran Ćorluka,0.39525975205602265,0.006175933625875354,64.0,Back,Croatia,4,0.62,-0.42459140747098295
331,Michael Lang,0.3941221791502277,0.0062559076055591694,63.0,Back,Switzerland,3,0.62,-0.42459140747098295
332,Lamine Gassama,0.20081504551580115,0.006275470172368786,32.0,Back,Senegal,1,0.62,-0.42459140747098295
333,Milad Mohammadi,0.11949725694241667,0.006289329312758772,19.0,Back,Iran,2,0.62,-0.42459140747098295
334,Harold Oshkaly Cummings Segura,0.10092490423668585,0.0063078065147928655,16.0,Back,Tunisia,1,0.62,-0.42459140747098295
335,Felipe Abdiel Baloy Ramírez,0.09832836846865217,0.006145523029290761,16.0,Back,Panama,1,0.62,-0.42459140747098295
336,Roozbeh Cheshmi,0.09336394147270251,0.006224262764846834,15.0,Back,Iran,1,0.62,-0.42459140747098295
337,Yohan Benalouane,0.09217780340697476,0.005761112712935923,16.0,Back,Tunisia,1,0.62,-0.42459140747098295
338,Young-Sun Yun,0.07540056284703096,0.00628338023725258,12.0,Back,South Korea,1,0.62,-0.42459140747098295
339,Igor Smolnikov,0.07504032170536443,0.006253360142113702,12.0,Back,Uruguay,1,0.62,-0.42459140747098295
340,Joo-Ho Park,0.05704566560058221,0.0057045665600582215,10.0,Back,South Korea,1,0.62,-0.42459140747098295
341,Vladimir Granat,0.03774803241211884,0.00629133873535314,6.0,Back,Spain,1,0.62,-0.42459140747098295
342,Sofyan Amrabat,0.037343911943730726,0.006223985323955121,6.0,Back,Morocco,1,0.62,-0.42459140747098295
343,Marcos Aoás Corrêa ,0.01878001844505852,0.00626000614835284,3.0,Back,Brazil,1,0.62,-0.42459140747098295
344,Cristian Eduardo Zapata Valencia,0.006342421612590862,0.006342421612590862,1.0,Back,Colombia,1,0.62,-0.42459140747098295
345,Ian Rey Smith Quiros,0.006010210917432739,0.006010210917432739,1.0,Back,Costa Rica,1,0.62,-0.42459140747098295
346,Duje Ćaleta-Car,0.21034919945555045,0.006186741160457366,34.0,Back,Croatia,1,0.62,-0.42459140747098295
347,Sebastián Coates Nión,0.3938400839677373,0.006153751311995895,64.0,Back,Uruguay,1,0.62,-0.42459140747098295
348,Chul Hong,0.22537682890579508,0.006260467469605419,36.0,Back,South Korea,2,0.62,-0.42459140747098295
349,Kendall Jamaal Waston Manley,0.24641869795965948,0.006010212145357548,41.0,Back,Switzerland,1,0.62,-0.42459140747098295
350,Syam Ben Youssef,0.2568516881983485,0.006115516385674965,42.0,Back,Tunisia,2,0.62,-0.42459140747098295
351,Gary Cahill,0.27613641633456526,0.006275827643967392,44.0,Back,England,1,0.62,-0.42459140747098295
352,Sverrir Ingi Ingason,0.2840712323088589,0.006175461571931715,46.0,Back,Iceland,2,0.62,-0.42459140747098295
353,Kári Árnason,0.3072632237697125,0.00614526447539425,50.0,Back,Iceland,2,0.62,-0.42459140747098295
354,Tin Jedvaj,0.31555160973081275,0.006187286465310054,51.0,Back,Croatia,1,0.62,-0.42459140747098295
355,Ragnar Sigurðsson,0.3268300246620803,0.006166604238907175,53.0,Back,Iceland,3,0.62,-0.42459140747098295
356,Ricardo Domingos Barbosa Pereira,0.3344015505431942,0.00608002819169444,55.0,Back,Portugal,1,0.62,-0.42459140747098295
357,Alberto Junior Rodríguez Valdelomar,0.34663803717713804,0.006189964949591751,56.0,Back,Peru,2,0.62,-0.42459140747098295
358,Omar Ibrahim Omar Othman Hawsawi,0.3638346667702254,0.0062730114960383694,58.0,Back,Russia,1,0.62,-0.42459140747098295
359,Bryan Oviedo,0.386997803546234,0.006046840680409906,64.0,Back,Costa Rica,2,0.62,-0.42459140747098295
360,Morteza Pouraliganji,0.3881685865234882,0.006260783653604648,62.0,Back,Iran,3,0.62,-0.42459140747098295
361,Fedor Kudryashov,0.6750641498368026,0.006193249081071584,109.0,Back,Russia,4,0.62,-0.42459140747098295
362,José Ignacio Fernández Iglesias,0.6871714331641243,0.006247013028764767,110.0,Back,Spain,2,0.62,-0.42459140747098295
363,Erick Javier Davis Grajales,0.7023545664636597,0.006215527136846546,113.0,Back,Panama,2,0.62,-0.42459140747098295
364,Joshua Kimmich,1.6502623953345423,0.006227405265413368,265.0,Back,Germany,3,0.62,-0.42459140747098295
365,Yasir Gharsan Al Shahrani,1.3274417705509096,0.006232120988501923,213.0,Back,Saudi Arabia,3,0.62,-0.42459140747098295
366,Samuel Yves Umtiti,1.3315503511674973,0.0062221979026518565,214.0,Back,France,6,0.62,-0.42459140747098295
367,Santiago Arias Naranjo,1.332798598363408,0.006199063248201898,215.0,Back,Colombia,4,0.62,-0.42459140747098295
368,Ricardo Iván Rodríguez Araya,1.3437864687876635,0.0062212336517947385,216.0,Back,Switzerland,4,0.62,-0.42459140747098295
369,Johan Andrés Mojica Palacio,1.3612045839696756,0.00624405772463154,218.0,Back,Colombia,4,0.62,-0.42459140747098295
370,Simon Thorup Kjær,1.3785995252403036,0.006238006901539835,221.0,Back,Denmark,4,0.62,-0.42459140747098295
371,Carlos Joel Salcedo Hernández,1.3902410299490138,0.006151508982075282,226.0,Back,Mexico,4,0.62,-0.42459140747098295
372,Fágner Conserva Lemos,1.4129001750786943,0.006196930592450413,228.0,Back,Brazil,4,0.62,-0.42459140747098295
373,Thomas Meunier,1.445164512859589,0.006123578444320292,236.0,Back,Belgium,5,0.62,-0.42459140747098295
374,Mohammed Al Burayk,1.4860523802755765,0.006243917564183094,238.0,Back,Saudi Arabia,3,0.62,-0.42459140747098295
375,Raphaël Adelino José Guerreiro,1.5751650657861738,0.006250655022961007,252.0,Back,Portugal,4,0.62,-0.42459140747098295
376,João Miranda de Souza Filho,1.5980390066563064,0.006242339869751197,256.0,Back,Brazil,5,0.62,-0.42459140747098295
377,Mário Figueira Fernandes,1.6237855955712182,0.006245329213735455,260.0,Back,Russia,5,0.62,-0.42459140747098295
378,Vincent Kompany,1.7280920740604528,0.006238599545344595,277.0,Back,Belgium,5,0.62,-0.42459140747098295
379,Kalidou Koulibaly,0.7030759253884196,0.0062219108441453055,113.0,Back,Senegal,3,0.62,-0.42459140747098295
380,Thiago Emiliano da Silva,1.7959183512387704,0.006214250350307164,289.0,Back,Brazil,5,0.62,-0.42459140747098295
381,Marcelo Vieira da Silva Júnior,1.8122325259972059,0.006227603182120982,291.0,Back,Brazil,4,0.62,-0.42459140747098295
382,Ivan Strinić,1.8429305346265628,0.006184330653109271,298.0,Back,Croatia,6,0.62,-0.42459140747098295
383,Manuel Obafemi Akanji,1.8867742230018902,0.006206494154611481,304.0,Back,Serbia,4,0.62,-0.42459140747098295
384,Domagoj Vida,1.9570424076677346,0.006173635355418722,317.0,Back,Denmark,6,0.62,-0.42459140747098295
385,Benjamin Pavard,1.9971146952625138,0.006240983422695356,320.0,Back,France,6,0.62,-0.42459140747098295
386,Raphaël Varane,2.0982031107485732,0.0061893897072229295,339.0,Back,France,7,0.62,-0.42459140747098295
387,Jan Vertonghen,2.178886707141355,0.00619001905437885,352.0,Back,Belgium,6,0.62,-0.42459140747098295
388,Gerard Piqué Bernabéu,2.1789995642505455,0.006155366000707756,354.0,Back,Spain,4,0.62,-0.42459140747098295
389,Dejan Lovren,2.2887384356317866,0.006152522676429534,372.0,Back,Croatia,7,0.62,-0.42459140747098295
390,Šime Vrsaljko,2.297249857886494,0.006142379299161749,374.0,Back,Croatia,6,0.62,-0.42459140747098295
391,Jordi Alba Ramos,2.5579767449707114,0.006178687789784327,414.0,Back,Spain,4,0.62,-0.42459140747098295
392,Toby Alderweireld,2.7667295333993924,0.0062034294470838395,446.0,Back,Belgium,6,0.62,-0.42459140747098295
393,Fabian Lukas Schär,1.3216537750557174,0.006147226860724267,215.0,Back,Switzerland,3,0.62,-0.42459140747098295
394,Davinson Sánchez Mina,1.3026617320938583,0.006232831254037599,209.0,Back,Colombia,4,0.62,-0.42459140747098295
395,Miguel Ángel Trauco Saavedra,1.2600324532933822,0.006207056420164445,203.0,Back,Peru,3,0.62,-0.42459140747098295
396,Henrik Dalsgaard,1.226058381814824,0.006223646608197076,197.0,Back,Denmark,4,0.62,-0.42459140747098295
397,Yong Lee,0.7293209126668694,0.00612874716526781,119.0,Back,South Korea,3,0.62,-0.42459140747098295
398,Youssouf Sabaly,0.732913080579615,0.0062111278015221615,118.0,Back,Senegal,3,0.62,-0.42459140747098295
399,Christian Guillermo Martín Ramos Garagay,0.7383249957056495,0.006204411728618903,119.0,Back,Peru,3,0.62,-0.42459140747098295
400,William Troost-Ekong,0.7427582204490518,0.006241665718059259,119.0,Back,Nigeria,3,0.62,-0.42459140747098295
401,Achraf Hakimi Mouh,0.7566170267949399,0.006201778908155245,122.0,Back,Morocco,3,0.62,-0.42459140747098295
402,Diego Sebastián Laxalt Suárez,0.7697473558577631,0.006258108584209456,123.0,Back,Uruguay,4,0.62,-0.42459140747098295
403,Ahmed Hegazi,0.777042002407733,0.006216336019261864,125.0,Back,Egypt,3,0.62,-0.42459140747098295
404,Salif Sané,0.7775429573838257,0.006220343659070606,125.0,Back,Senegal,3,0.62,-0.42459140747098295
405,Filipe Luis Kasmirski,0.8075868783887371,0.006260363398362303,129.0,Back,Brazil,2,0.62,-0.42459140747098295
406,Leon-Aderemi Balogun,0.8130800474631563,0.006206717919566079,131.0,Back,Nigeria,3,0.62,-0.42459140747098295
407,Osama Abdulrezag Hawsawi,0.8257193630050506,0.006255449719735231,132.0,Back,Saudi Arabia,3,0.62,-0.42459140747098295
408,Luis Jan Piers Advíncula Castrillón,0.8937667359317708,0.00620671344397063,144.0,Back,Peru,3,0.62,-0.42459140747098295
409,Héctor Alfredo Moreno Herrera,0.896087275304604,0.006137584077428794,146.0,Back,Mexico,3,0.62,-0.42459140747098295
410,Stephan Lichtsteiner,0.9411172344944164,0.006191560753252739,152.0,Back,Switzerland,3,0.62,-0.42459140747098295
411,Josip Pivarić,0.9816177968295878,0.0062127708660100495,158.0,Back,Croatia,4,0.62,-0.42459140747098295
412,Yerry Fernando Mina González,0.9850774613225993,0.006195455731588675,159.0,Back,Colombia,3,0.62,-0.42459140747098295
413,Faustino Marcos Alberto Rojo,0.9925462846451076,0.006126828917562393,162.0,Back,Iceland,3,0.62,-0.42459140747098295
414,Sergei Ignashevich,0.9938087730584089,0.006211304831615055,160.0,Back,Egypt,5,0.62,-0.42459140747098295
415,Ilya Kutepov,1.025236319086089,0.006213553449006599,165.0,Back,Egypt,5,0.62,-0.42459140747098295
416,Ahmed Fathy Abdel Meneim Ibrahim,1.043825478784952,0.006213246897529476,168.0,Back,Egypt,3,0.62,-0.42459140747098295
417,Jan Bednarek,1.0621168738739306,0.006247746316905474,170.0,Back,Poland,3,0.62,-0.42459140747098295
418,Jesús Daniel Gallardo Vasconcelos,1.1061801497669614,0.006145445276483119,180.0,Back,Mexico,4,0.62,-0.42459140747098295
419,Mohamed Abdul Shafy Sayed Abouezeid,1.1128149002664665,0.006216843018248416,179.0,Back,Egypt,3,0.62,-0.42459140747098295
420,Gen Shōji,1.115592637680588,0.006232361104360827,179.0,Back,Japan,3,0.62,-0.42459140747098295
421,Jérôme Boateng,1.1418350522293508,0.006205625283855167,184.0,Back,Germany,2,0.62,-0.42459140747098295
422,Yassine Meriah,1.156291840255091,0.006216622797070382,186.0,Back,Tunisia,3,0.62,-0.42459140747098295
423,Anga Dedryck Boyata,1.1906778145175085,0.006201446950612023,192.0,Back,Belgium,3,0.62,-0.42459140747098295
424,Hiroki Sakai,1.2034917101249043,0.006235708342616084,193.0,Back,Senegal,4,0.62,-0.42459140747098295
425,Marvin Plattenhardt,0.14763723163100945,0.006151551317958727,24.0,Back,Germany,1,0.62,-0.42459140747098295
426,Mahmoud Abdul Monem Abdelhamid Soliman,0.1312609653175918,0.0062505221579805615,21.0,Forward,Egypt,3,0.62,-0.49209626524421324
427,Luis Carlos Tejada Hansell,0.132474324028414,0.00630830114421019,21.0,Striker,Panama,2,0.62,-0.49209626524421324
428,Kevin De Bruyne,2.1707264259853045,0.006202075502815155,350.0,Striker,Belgium,6,0.62,-0.49209626524421324
429,Mehdi Carcela-González,0.05111437061675045,0.006389296327093806,8.0,Forward,Morocco,1,0.62,-0.49209626524421324
430,Pape Moussa Konaté,0.03719285380979734,0.006198808968299556,6.0,Forward,Senegal,2,0.62,-0.49209626524421324
431,Mohanad Aseri Abu Radiah,0.036766026396351154,0.006127671066058525,6.0,Forward,Egypt,2,0.62,-0.49209626524421324
432,Ismael Díaz De León,0.031551310083170414,0.006310262016634083,5.0,Wing,Panama,1,0.62,-0.49209626524421324
433,Kasper Dolberg,0.030450524629996607,0.006090104925999321,5.0,Forward,Denmark,1,0.62,-0.49209626524421324
434,Rodney Wallace,0.030051122347565035,0.006010224469513007,5.0,Wing,Costa Rica,1,0.62,-0.49209626524421324
435,Youssef En-Nesyri,0.02891139335658682,0.005782278671317364,5.0,Forward,Morocco,1,0.62,-0.49209626524421324
436,Maximiliano Gómez González,0.024982993251142956,0.006245748312785739,4.0,Forward,Uruguay,2,0.62,-0.49209626524421324
437,Aleksandar Prijović,0.019000523834150757,0.006333507944716919,3.0,Forward,Serbia,1,0.62,-0.49209626524421324
438,Raúl Mario Ruidíaz Misitich,0.01860968437371332,0.006203228124571106,3.0,Wing,Peru,2,0.62,-0.49209626524421324
439,Oribe Peralta Morones,0.018363825609454723,0.006121275203151574,3.0,Forward,Mexico,1,0.62,-0.49209626524421324
440,Aziz Bouhaddouz,0.01778932328065392,0.00592977442688464,3.0,Forward,Morocco,2,0.62,-0.49209626524421324
441,Diafra Sakho,0.012550940344744127,0.006275470172372064,2.0,Forward,Senegal,1,0.62,-0.49209626524421324
442,Arnór Ingvi Traustason,0.012373487564240355,0.006186743782120177,2.0,Wing,Iceland,1,0.62,-0.49209626524421324
443,Albert Gudmundsson,0.012373487557019617,0.0061867437785098085,2.0,Forward,Iceland,1,0.62,-0.49209626524421324
444,Daniel Nii Tackie Mensah Welbeck,0.006275827568234921,0.006275827568234921,1.0,Forward,England,1,0.62,-0.49209626524421324
445,Miguel Ángel Borja Hernández,0.006275470172372064,0.006275470172372064,1.0,Forward,Colombia,1,0.62,-0.49209626524421324
446,Simeon Tochukwu Nwankwo,0.006109037760675509,0.006109037760675509,1.0,Forward,Nigeria,1,0.62,-0.49209626524421324
447,Florian Thauvin,0.0060748802222475645,0.0060748802222475645,1.0,Wing,France,1,0.62,-0.49209626524421324
448,Dawid Kownacki,0.15607111124998668,0.006002735048076411,26.0,Wing,Poland,2,0.62,-0.49209626524421324
449,Khalid Boutaïb,0.15944899363728465,0.006132653601434025,26.0,Forward,Morocco,2,0.62,-0.49209626524421324
450,Ramadan Sobhi,0.16048216791247577,0.006172391073556761,26.0,Wing,Egypt,3,0.62,-0.49209626524421324
451,Michy Batshuayi Tunga,0.16637355709646398,0.006161983596165333,27.0,Forward,Belgium,2,0.62,-0.49209626524421324
452,Iago Aspas Juncal,0.17316369639770882,0.0061844177284896005,28.0,Forward,Spain,3,0.62,-0.49209626524421324
453,Carlos Arturo Bacca Ahumada,0.18099178469601307,0.006241096024000451,29.0,Forward,Colombia,3,0.62,-0.49209626524421324
454,Eden Hazard,1.684483834855231,0.006215807508690889,271.0,Wing,Belgium,6,0.62,-0.49209626524421324
455,Daniel Colindres Solera,0.20599266811536773,0.00605860788574611,34.0,Wing,Costa Rica,2,0.62,-0.49209626524421324
456,Blas Antonio Miguel Pérez Ortega,0.21820091337168931,0.006234311810619695,35.0,Forward,Panama,2,0.62,-0.49209626524421324
457,John Guidetti,0.044273862880375124,0.0063248375543393034,7.0,Forward,Sweden,2,0.62,-0.49209626524421324
458,Mame Biram Diouf,0.05550387152280824,0.006167096835867582,9.0,Forward,Senegal,2,0.62,-0.49209626524421324
459,Gonzalo Gerardo Higuaín,0.22459333238848314,0.006070090064553599,37.0,Forward,Argentina,3,0.62,-0.49209626524421324
460,Tim Cahill,0.05627519802311601,0.006252799780346223,9.0,Forward,Australia,1,0.62,-0.49209626524421324
461,Fahad Mosaed Al Muwallad Al Harbi,0.13559432663559828,0.0061633784834362855,22.0,Forward,Saudi Arabia,3,0.62,-0.49209626524421324
462,Andrew Nabbout,0.1253577878668403,0.006267889393342015,20.0,Forward,Australia,2,0.62,-0.49209626524421324
463,Josip Drmic,0.12464316043231458,0.006232158021615729,20.0,Forward,Switzerland,2,0.62,-0.49209626524421324
464,Marcos Danilo Ureña Porras,0.123533690177159,0.00617668450885795,20.0,Forward,Costa Rica,2,0.62,-0.49209626524421324
465,Cristhian Ricardo Stuani Curbelo,0.11816664684599824,0.006219297202420961,19.0,Forward,Uruguay,2,0.62,-0.49209626524421324
466,Jonathan Matías Urretaviscaya da Luz,0.1131043864996098,0.0062835770277561,18.0,Wing,Uruguay,1,0.62,-0.49209626524421324
467,Tomi Jurić,0.11289620893110038,0.006272011607283354,18.0,Forward,Australia,3,0.62,-0.49209626524421324
468,Jón Daði Böðvarsson,0.1105142163265656,0.006139678684809201,18.0,Forward,Iceland,1,0.62,-0.49209626524421324
469,Adnan Januzaj,0.13806820650122914,0.006275827568237688,22.0,Wing,Belgium,1,0.62,-0.49209626524421324
470,Aleksandr Erokhin,0.10444570552841106,0.0061438650310830034,17.0,Wing,Russia,2,0.62,-0.49209626524421324
471,Mario Gavranović,0.10310267375476968,0.006064863162045276,17.0,Striker,Switzerland,2,0.62,-0.49209626524421324
472,Leon Goretzka,0.13823622887306683,0.006283464948775765,22.0,Wing,Germany,1,0.62,-0.49209626524421324
473,Odion Jude Ighalo,0.099391220364334,0.006211951272770875,16.0,Forward,Nigeria,3,0.62,-0.49209626524421324
474,Cheikh N'Doye,0.09895229061455448,0.006184518163409655,16.0,Forward,Senegal,2,0.62,-0.49209626524421324
475,Isaac Kiese Thelin,0.09847469104470524,0.006154668190294078,16.0,Forward,Sweden,3,0.62,-0.49209626524421324
476,Raúl Alonso Jiménez Rodríguez,0.09834380445205675,0.006146487778253547,16.0,Wing,Mexico,2,0.62,-0.49209626524421324
477,Gabriel Arturo Torres Tejada,0.09463421528527863,0.006308947685685242,15.0,Forward,Panama,2,0.62,-0.49209626524421324
478,Björn Bergmann Sigurðarson,0.09239087964300877,0.006159391976200584,15.0,Forward,Iceland,3,0.62,-0.49209626524421324
479,Mohammad Ibrahim Al Sahlawi,0.08839928151714287,0.006314234394081633,14.0,Forward,Saudi Arabia,2,0.62,-0.49209626524421324
480,Keita Baldé Diao,0.08785658241331813,0.0062754701723798665,14.0,Wing,Senegal,1,0.62,-0.49209626524421324
481,Mario Gómez García,0.08122092331432562,0.0062477633318712015,13.0,Forward,Germany,3,0.62,-0.49209626524421324
482,Marko Pjaca,0.1420227308406603,0.006174901340898274,23.0,Wing,Croatia,3,0.62,-0.49209626524421324
483,Ayoub El Kaabi,0.07535073553289187,0.006279227961074323,12.0,Forward,Morocco,2,0.62,-0.49209626524421324
484,Nemanja Radonjić,0.06908080756082025,0.006280073414620022,11.0,Wing,Switzerland,2,0.62,-0.49209626524421324
485,Jamie Vardy,0.14408855107778754,0.0062647196120777186,23.0,Forward,England,4,0.62,-0.49209626524421324
486,Jakub Błaszczykowski,0.06160478366262947,0.006160478366262947,10.0,Wing,Poland,1,0.62,-0.49209626524421324
487,Rodrigo Moreno Machado,0.06083454642747465,0.006083454642747465,10.0,Forward,Spain,3,0.62,-0.49209626524421324
488,Christian Bolaños Navarro,0.21948658490572956,0.006271045283020845,35.0,Wing,Costa Rica,2,0.62,-0.49209626524421324
489,Amine Harit,0.18673602793349203,0.006224534264449734,30.0,Wing,Morocco,1,0.62,-0.49209626524421324
490,Karim Ansarifard,0.2246561605224968,0.006240448903402689,36.0,Wing,Iran,3,0.62,-0.49209626524421324
491,Ismaïla Sarr,0.4410987493513441,0.006212658441568227,71.0,Wing,Senegal,3,0.62,-0.49209626524421324
492,Wahbi Khazri,0.49792086170269645,0.006147171132132055,81.0,Forward,Tunisia,3,0.62,-0.49209626524421324
493,Julian Draxler,0.5008771794012032,0.006183668881496337,81.0,Wing,Germany,2,0.62,-0.49209626524421324
494,M'Baye Babacar Niang,0.534562371725143,0.006215841531687709,86.0,Forward,Senegal,3,0.62,-0.49209626524421324
495,Hirving Rodrigo Lozano Bahena,0.5536097516110196,0.006151219462344662,90.0,Wing,Mexico,4,0.62,-0.49209626524421324
496,Timo Werner,0.5621784806531437,0.006246427562812708,90.0,Forward,Germany,3,0.62,-0.49209626524421324
497,Mahmoud Ibrahim Hassan,0.5665115798940603,0.006225401976857806,91.0,Wing,Egypt,3,0.62,-0.49209626524421324
498,Denis Cheryshev,0.572851261804036,0.00622664415004387,92.0,Wing,Egypt,5,0.62,-0.49209626524421324
499,Sadio Mané,0.5784296196550046,0.006219673329623705,93.0,Wing,Senegal,3,0.62,-0.49209626524421324
500,Daler Kuzyaev,0.5968826692518799,0.006217527804707083,96.0,Wing,Egypt,5,0.62,-0.49209626524421324
501,Romelu Lukaku Menama,0.6034003435409376,0.006157146362662629,98.0,Wing,Belgium,6,0.62,-0.49209626524421324
502,Radamel Falcao García Zárate,0.6514961176631582,0.006204724930125316,105.0,Forward,Colombia,4,0.62,-0.49209626524421324
503,Thomas Müller,0.7013926121794014,0.006207014267074349,113.0,Wing,Germany,3,0.62,-0.49209626524421324
504,Miguel Arturo Layún Prado,0.7452656465147057,0.006159220219129799,121.0,Wing,Mexico,4,0.62,-0.49209626524421324
505,Blaise Matuidi,0.74829307100881,0.0061335497623672955,122.0,Wing,France,5,0.62,-0.49209626524421324
506,Bryan Ruiz González,0.7523391870795365,0.006166714648192922,122.0,Wing,Costa Rica,3,0.62,-0.49209626524421324
507,Fernando Luiz Rosa,0.7783276181300346,0.0062266209450402765,125.0,Forward,Brazil,5,0.62,-0.49209626524421324
508,Hakim Ziyech,0.8108437727759708,0.006237259790584391,130.0,Wing,Morocco,3,0.62,-0.49209626524421324
509,Dries Mertens,0.8176910120218133,0.006148052721968521,133.0,Forward,Belgium,6,0.62,-0.49209626524421324
510,Olivier Giroud,0.8232161950492098,0.006236486326130377,132.0,Forward,France,7,0.62,-0.49209626524421324
511,Andrej Kramarić,0.883969009583135,0.006181601465616329,143.0,Forward,Croatia,7,0.62,-0.49209626524421324
512,Abdalla Mahmoud El Said Bekhit,0.917566179939093,0.006241946802306755,147.0,Wing,Egypt,3,0.62,-0.49209626524421324
513,Aleksandr Samedov,0.9699499092636434,0.006257741350088022,155.0,Wing,Russia,5,0.62,-0.49209626524421324
514,Mario Mandžukić,1.0028208139381212,0.0061522749321357125,163.0,Forward,Croatia,6,0.62,-0.49209626524421324
515,Juan Guillermo Cuadrado Bello,1.0652643823643997,0.006157597585921385,173.0,Forward,Colombia,4,0.62,-0.49209626524421324
516,Ivan Perišić,1.2913928436226523,0.006178913127381111,209.0,Wing,Croatia,7,0.62,-0.49209626524421324
517,Fyodor Smolov,0.4506489860626987,0.00625901369531526,72.0,Forward,Russia,5,0.62,-0.49209626524421324
518,Robert Lewandowski,0.45720982004424365,0.006263148219784159,73.0,Forward,Poland,3,0.62,-0.49209626524421324
519,Nicolai Jørgensen,0.3195549556193701,0.00626578344351706,51.0,Forward,Denmark,3,0.62,-0.49209626524421324
520,Sergio Leonel Agüero del Castillo,0.38455387557982856,0.00610402977110839,63.0,Forward,Iceland,3,0.62,-0.49209626524421324
521,Kelechi Promise Iheanacho,0.2641272668330054,0.006142494577511754,43.0,Forward,Iceland,3,0.62,-0.49209626524421324
522,Johan Alberto Venegas Ulloa,0.27382770704114573,0.006223356978207858,44.0,Wing,Costa Rica,2,0.62,-0.49209626524421324
523,José Paolo Guerrero González,0.2984505440663451,0.006217719668048856,48.0,Forward,Peru,3,0.62,-0.49209626524421324
524,Filip Kostić,0.3069291301933287,0.006263859799863851,49.0,Wing,Serbia,3,0.62,-0.49209626524421324
525,Alfreð Finnbogason,0.31422244516149833,0.00616122441493134,51.0,Forward,Iceland,3,0.62,-0.49209626524421324
526,Johann Berg Guðmunds­son,0.3151354591895837,0.006179126650776151,51.0,Wing,Iceland,2,0.62,-0.49209626524421324
527,Douglas Costa de Souza,0.31866498640733826,0.006128172815525736,52.0,Wing,Brazil,2,0.62,-0.49209626524421324
528,Marwan Mohsen,0.33450761455363426,0.006194585454696931,54.0,Forward,Egypt,3,0.62,-0.49209626524421324
529,Ahmed Musa,0.38117884856689216,0.006148045944627293,62.0,Forward,Nigeria,3,0.62,-0.49209626524421324
530,Joel Nathaniel Campbell Samuels,0.22056776710486223,0.006126882419579507,36.0,Forward,Costa Rica,2,0.62,-0.49209626524421324
531,Javier Hernández Balcázar,0.41172567929700343,0.006145159392492589,67.0,Forward,Mexico,4,0.62,-0.49209626524421324
532,Diego da Silva Costa,0.39094698427162844,0.006108546629244194,64.0,Forward,Spain,4,0.62,-0.49209626524421324
533,Gonçalo Manuel Ganchinho Guedes,0.3849790727857042,0.00620933988364039,62.0,Forward,Portugal,3,0.62,-0.49209626524421324
534,Amr Medhat Warda,0.41714145652831724,0.006225991888482347,67.0,Wing,Egypt,3,0.62,-0.49209626524421324
535,Edgar Yoel Bárcenas Herrera,0.4010251311789509,0.006266017674671108,64.0,Wing,Panama,3,0.62,-0.49209626524421324
536,José Luis Rodríguez Francis,0.40401226653953265,0.006215573331377426,65.0,Wing,Panama,3,0.62,-0.49209626524421324
537,James David Rodríguez Rubio,0.6261014945585714,0.0060202066784478024,104.0,Wing,Colombia,3,0.61,-1.9045948043711651
538,Pontus Jansson,0.35009482847651296,0.005933810652144288,59.0,Back,England,2,0.61,-2.0720060684584043
539,Łukasz Piszczek,0.661019713195678,0.006009270119960709,110.0,Back,Poland,2,0.61,-2.0720060684584043
540,Hamdi Nagguez,0.6120279236703295,0.00605968241257752,101.0,Back,Tunisia,2,0.61,-2.0720060684584043
541,Nicolás Hernán Otamendi,1.793901359975861,0.006060477567486017,296.0,Back,Argentina,4,0.61,-2.0720060684584043
542,Gabriel Iván Mercado,1.1168825092716876,0.006037202752819933,185.0,Back,Argentina,3,0.61,-2.0720060684584043
543,Michał Pazdan,0.9649758380840494,0.006069030428201568,159.0,Back,Poland,2,0.61,-2.0720060684584043
544,Nicolás Alejandro Tagliafico,1.414239264531164,0.00604375754073147,234.0,Back,Argentina,4,0.61,-2.0720060684584043
545,Hyun-Soo Jang,0.5670731845000239,0.005969191415789725,95.0,Back,South Korea,3,0.61,-2.0720060684584043
546,Ali Maâloul,0.6725191631075955,0.006004635384889246,112.0,Back,Tunisia,2,0.61,-2.0720060684584043
547,Daniel Carvajal Ramos,1.1004477099739651,0.006079821602066105,181.0,Back,Spain,3,0.61,-2.0720060684584043
548,Lionel Andrés Messi Cuccittini,1.2298422959535036,0.006088328197789622,202.0,Midfield,Argentina,4,0.61,-2.138688994202059
549,Javier Alejandro Mascherano,2.117903667330709,0.00608593007853652,348.0,Midfield,Argentina,4,0.61,-2.138688994202059
550,Marcos Javier Acuña,0.28861683882540756,0.00589013956786546,49.0,Midfield,Argentina,1,0.61,-2.138688994202059
551,Yannick Ferreira Carrasco,0.5749767997079274,0.006052387365346604,95.0,Midfield,Belgium,4,0.61,-2.138688994202059
552,Marcelo Brozović,2.3129727152335184,0.006102830383201896,379.0,Midfield,Denmark,6,0.61,-2.138688994202059
553,Maximiliano Eduardo Meza,0.7004902637618282,0.006038709170360588,116.0,Midfield,Argentina,4,0.61,-2.138688994202059
554,Thiago Alcântara do Nascimento,0.6953331087116218,0.005892653463657812,118.0,Midfield,Spain,2,0.61,-2.138688994202059
555,Andrés Iniesta Luján,1.73935168555291,0.006102988370361088,285.0,Midfield,Spain,4,0.61,-2.138688994202059
556,Sung-Yeung Ki,0.508849381995849,0.005986463317598223,85.0,Midfield,South Korea,2,0.61,-2.138688994202059
557,Saîf-Eddine Khaoui,0.2132151474170945,0.005762571551813364,37.0,Midfield,Tunisia,1,0.61,-2.138688994202059
558,Enzo Nicolás Pérez,0.685777068167807,0.006015588317261465,114.0,Midfield,Argentina,3,0.61,-2.138688994202059
